badge_id,name,callsign,password,assigned_ambulance_id,email
PARA-101,Ravi Kumar (EMT),Alpha-205 (BLS Unit),paramedic123,amb-205,ravi.kumar@crisiscare.in
PARA-102,Sunita Sharma (Paramedic),Bravo-301 (ALS Unit),paramedic123,amb-301,sunita.sharma@crisiscare.in
PARA-103,Arjun Nair (EMT),Charlie-102 (BLS Unit),rescue456,amb-102,arjun.nair@crisiscare.in
PARA-104,Priya Desai (Paramedic Lead),Delta-410 (ALS Unit),rescue456,amb-410,priya.desai@crisiscare.in
PARA-105,Vivek Patil (EMT),Echo-207 (BLS Unit),paramedic123,amb-207,vivek.patil@crisiscare.in
PARA-106,Meera Joshi (Paramedic),Foxtrot-315 (ALS Unit),paramedic123,amb-315,meera.joshi@crisiscare.in
PARA-107,Rohit Kulkarni (EMT),Golf-118 (BLS Unit),rescue456,amb-118,rohit.kulkarni@crisiscare.in
PARA-108,Kavya Iyer (Paramedic),Hotel-422 (ALS Unit),rescue456,amb-422,kavya.iyer@crisiscare.in
PARA-109,Sanjay Mehta (EMT),India-211 (BLS Unit),paramedic123,amb-211,sanjay.mehta@crisiscare.in
PARA-110,Divya Rao (Paramedic),Juliet-319 (ALS Unit),paramedic123,amb-319,divya.rao@crisiscare.in
PARA-111,Aditya Pillai (EMT),Kilo-124 (BLS Unit),rescue456,amb-124,aditya.pillai@crisiscare.in
PARA-112,Lakshmi Menon (Paramedic),Lima-428 (ALS Unit),rescue456,amb-428,lakshmi.menon@crisiscare.in
PARA-113,Nikhil Sawant (EMT),Mike-215 (BLS Unit),paramedic123,amb-215,nikhil.sawant@crisiscare.in
PARA-114,Rashmi Godse (Paramedic),November-323 (ALS Unit),paramedic123,amb-323,rashmi.godse@crisiscare.in
PARA-115,Karan Bhosle (EMT),Oscar-130 (BLS Unit),rescue456,amb-130,karan.bhosle@crisiscare.in
PARA-116,Anjali Wagh (Paramedic),Papa-434 (ALS Unit),rescue456,amb-434,anjali.wagh@crisiscare.in
PARA-117,Sachin Gaikwad (EMT),Quebec-219 (BLS Unit),paramedic123,amb-219,sachin.gaikwad@crisiscare.in
PARA-118,Pooja Shetty (Paramedic),Romeo-327 (ALS Unit),paramedic123,amb-327,pooja.shetty@crisiscare.in
PARA-119,Amol Pawar (EMT),Sierra-136 (BLS Unit),rescue456,amb-136,amol.pawar@crisiscare.in
PARA-120,Snehal Chavan (Paramedic),Tango-440 (ALS Unit),rescue456,amb-440,snehal.chavan@crisiscare.in
PARA-121,Gaurav Mane (EMT),Uniform-223 (BLS Unit),paramedic123,amb-223,gaurav.mane@crisiscare.in
PARA-122,Deepa Naik (Paramedic),Victor-331 (ALS Unit),paramedic123,amb-331,deepa.naik@crisiscare.in
PARA-123,Omkar Shinde (EMT),Whiskey-142 (BLS Unit),rescue456,amb-142,omkar.shinde@crisiscare.in
PARA-124,Shruti Dalvi (Paramedic),Xray-446 (ALS Unit),rescue456,amb-446,shruti.dalvi@crisiscare.in
PARA-125,Ajay Marathe (EMT),Yankee-227 (BLS Unit),paramedic123,amb-227,ajay.marathe@crisiscare.in
PARA-126,Neeta Karande (Paramedic),Zulu-335 (ALS Unit),paramedic123,amb-335,neeta.karande@crisiscare.in
PARA-127,Suresh Jadhav (EMT),Alpha-148 (BLS Unit),rescue456,amb-148,suresh.jadhav@crisiscare.in
PARA-128,Pallavi Landge (Paramedic),Bravo-452 (ALS Unit),rescue456,amb-452,pallavi.landge@crisiscare.in
PARA-129,Mahesh Tiwari (EMT),Charlie-231 (BLS Unit),paramedic123,amb-231,mahesh.tiwari@crisiscare.in
PARA-130,Varsha Borse (Paramedic),Delta-339 (ALS Unit),paramedic123,amb-339,varsha.borse@crisiscare.in
PARA-131,Nitin Kamble (EMT),Echo-154 (BLS Unit),rescue456,amb-154,nitin.kamble@crisiscare.in
PARA-132,Gauri Salve (Paramedic),Foxtrot-458 (ALS Unit),rescue456,amb-458,gauri.salve@crisiscare.in
PARA-133,Prasad More (EMT),Golf-235 (BLS Unit),paramedic123,amb-235,prasad.more@crisiscare.in
PARA-134,Ashwini Khedkar (Paramedic),Hotel-343 (ALS Unit),paramedic123,amb-343,ashwini.khedkar@crisiscare.in
PARA-135,Dhananjay Deshpande (EMT),India-160 (BLS Unit),rescue456,amb-160,dhananjay.deshpande@crisiscare.in
PARA-136,Rupali Thakur (Paramedic),Juliet-464 (ALS Unit),rescue456,amb-464,rupali.thakur@crisiscare.in
PARA-137,Sandeep Apte (EMT),Kilo-239 (BLS Unit),paramedic123,amb-239,sandeep.apte@crisiscare.in
PARA-138,Madhuri Pise (Paramedic),Lima-347 (ALS Unit),paramedic123,amb-347,madhuri.pise@crisiscare.in
PARA-139,Vinay Kale (EMT),Mike-166 (BLS Unit),rescue456,amb-166,vinay.kale@crisiscare.in
PARA-140,Archana Lad (Paramedic),November-470 (ALS Unit),rescue456,amb-470,archana.lad@crisiscare.in
PARA-141,Kedar Munshi (EMT),Oscar-243 (BLS Unit),paramedic123,amb-243,kedar.munshi@crisiscare.in
PARA-142,Smita Funde (Paramedic),Papa-351 (ALS Unit),paramedic123,amb-351,smita.funde@crisiscare.in
PARA-143,Vishal Damle (EMT),Quebec-172 (BLS Unit),rescue456,amb-172,vishal.damle@crisiscare.in
PARA-144,Tejashri Lokare (Paramedic),Romeo-476 (ALS Unit),rescue456,amb-476,tejashri.lokare@crisiscare.in
PARA-145,Rahul Bagul (EMT),Sierra-247 (BLS Unit),paramedic123,amb-247,rahul.bagul@crisiscare.in
PARA-146,Manali Wadekar (Paramedic),Tango-355 (ALS Unit),paramedic123,amb-355,manali.wadekar@crisiscare.in
PARA-147,Siddhesh Tambe (EMT),Uniform-178 (BLS Unit),rescue456,amb-178,siddhesh.tambe@crisiscare.in
PARA-148,Harshada Gunjal (Paramedic),Victor-482 (ALS Unit),rescue456,amb-482,harshada.gunjal@crisiscare.in
PARA-149,Yashraj Kshirsagar (EMT),Whiskey-251 (BLS Unit),paramedic123,amb-251,yashraj.kshirsagar@crisiscare.in
PARA-150,Rutuja Bhalerao (Paramedic),Xray-359 (ALS Unit),paramedic123,amb-359,rutuja.bhalerao@crisiscare.in
