seed_key,name,city,cluster,region_type,address,phone,lat,lng,google_place_id,coord_quality,verify_pin,suggested_tier,source
kem_mumbai,KEM Hospital (Seth G.S. Medical College),Mumbai,Mumbai,urban_dense,"Acharya Donde Marg, Parel, Mumbai 400012",+91 22 2410 7000,19.001435,72.841973,ChIJWcdwNuXO5zsR4MLLE1zcCTU,place_match,False,A,"Google Places lookup, 2026-09-20"
sion_mumbai,Lokmanya Tilak Municipal General Hospital (Sion Hospital),Mumbai,Mumbai,urban_dense,"Sion West, Mumbai 400022",+91 22 2406 3267,19.035843,72.859466,ChIJ6TgtONPI5zsRZ6qBqX8OruA,place_match,False,A,"Google Places lookup, 2026-09-20"
jj_mumbai,Sir J.J. Hospital,Mumbai,Mumbai,urban_dense,"J J Marg, Nagpada, Mumbai 400008",+91 22 2373 5555,18.962641,72.833703,ChIJUeRSVCjP5zsRIWoGT-BKebA,place_match,False,A,"Google Places lookup, 2026-09-20"
nair_mumbai,B.Y.L. Nair Hospital,Mumbai,Mumbai,urban_dense,"Dr. A. L. Nair Marg, Mumbai Central, Mumbai 400008",+91 22 2302 7000,18.97288,72.821866,ChIJAQC01m7O5zsRzE8ay6azRPs,place_match,False,A,"Google Places lookup, 2026-09-20"
lilavati_mumbai,Lilavati Hospital and Research Centre,Mumbai,Mumbai,urban_dense,"A-791, Bandra Reclamation Rd, Bandra West, Mumbai 400050",+91 22 6930 1000,19.051004,72.829323,ChIJsXCptzjJ5zsRlS-bPoti--k,place_match,False,A,"Google Places lookup, 2026-09-20"
kokilaben_mumbai,Kokilaben Dhirubhai Ambani Hospital,Mumbai,Mumbai,urban_dense,"Four Bungalows, Andheri West, Mumbai 400053",,19.130931,72.824988,ChIJaUzg1x625zsRJCynVxLFYDg,place_match,False,A,"Google Places lookup, 2026-09-20"
jaslok_mumbai,Jaslok Hospital and Research Centre,Mumbai,Mumbai,urban_dense,"15, Dr Gopalrao Deshmukh Marg, Peddar Rd, Mumbai 400026",+91 99301 92000,18.97166,72.809832,ChIJk3X00XbO5zsRx2UpTspHr3M,place_match,False,A,"Google Places lookup, 2026-09-20"
hinduja_mumbai,P.D. Hinduja Hospital and Medical Research Centre,Mumbai,Mumbai,urban_dense,"Veer Savarkar Marg, Mahim West, Mumbai 400016",+91 22 6924 8000,19.032875,72.83911,ChIJhaDBes3O5zsRBbIMQcxSM_c,place_match,False,A,"Google Places lookup, 2026-09-20"
bombay_mumbai,Bombay Hospital and Medical Research Centre,Mumbai,Mumbai,urban_dense,"12, Vitthaldas Thackersey Marg, New Marine Lines, Mumbai 400020",+91 22 2206 7676,18.941069,72.827433,ChIJkwIlDeDR5zsRkVBOhODKuv4,place_match,False,A,"Google Places lookup, 2026-09-20"
wockhardt_mumbai,"Wockhardt Hospital, Mumbai Central",Mumbai,Mumbai,urban_dense,"1877, Dr Anandrao Nair Marg, Mumbai Central, Mumbai 400011",+91 82911 01001,18.975212,72.823888,ChIJkZClnGjO5zsRwcGDYzFLyCw,place_match,False,A,"Google Places lookup, 2026-09-20"
nanavati_mumbai,Nanavati Max Super Speciality Hospital,Mumbai,Mumbai,urban_dense,"Swami Vivekanand Rd, Vile Parle West, Mumbai 400056",+91 22 6836 0000,19.095882,72.840261,ChIJYcI0nLrJ5zsRVYAvxUyzk64,place_match,False,A,"Google Places lookup, 2026-09-20"
holyfamily_mumbai,"Holy Family Hospital, Bandra",Mumbai,Mumbai,urban_dense,"St Andrews Rd, Bandra West, Mumbai 400050",+91 22 6267 0555,19.055125,72.827269,ChIJie0TXT7J5zsRjxl3Abj8ksI,place_match,False,B,"Google Places lookup, 2026-09-20"
fortis_mulund,"Fortis Hospital, Mulund",Mumbai,Mumbai,urban_dense,"Mulund-Goregaon Link Rd, Mulund West, Mumbai 400078",,19.161794,72.941809,ChIJYdMKQV645zsRluAWkv57qWw,place_match,False,A,"Google Places lookup, 2026-09-20"
saifee_mumbai,Saifee Hospital,Mumbai,Mumbai,urban_dense,"Maharshi Karve Rd, Charni Road, Mumbai 400004",+91 22 6757 0111,18.952532,72.818256,ChIJ5fYZmxrO5zsRrokKoLjCucg,place_match,False,B,"Google Places lookup, 2026-09-20"
cooper_mumbai,HBT Medical College and Dr. R.N. Cooper Hospital,Mumbai,Mumbai,urban_dense,"Bhaktivedanta Swami Rd, JVPD Scheme, Juhu, Mumbai 400056",+91 22 2620 7254,19.107768,72.836205,ChIJW78A8cbJ5zsR8IL8eRtqoVg,place_match,False,A,"Google Places lookup, 2026-09-20"
rajawadi_mumbai,Rajawadi Hospital,Mumbai,Mumbai,urban_dense,"7th Rd, Rajawadi Colony, Ghatkopar East, Mumbai 400077",,19.078675,72.901298,ChIJq6qqqs_H5zsR_kBjsn8Z_7E,place_match,False,B,"Google Places lookup, 2026-09-20"
bhabha_mumbai,K.B. Bhabha Municipal General Hospital,Mumbai,Mumbai,urban_dense,"Waterfield Rd, Bandra West, Mumbai 400050",+91 22 2642 2541,19.057454,72.833645,ChIJjzjPrD_J5zsRb6L4MOpQ1KY,place_match,False,B,"Google Places lookup, 2026-09-20"
breachcandy_mumbai,Breach Candy Hospital Trust,Mumbai,Mumbai,urban_dense,"60 A, Bhulabhai Desai Rd, Breach Candy, Mumbai 400026",+91 22 6259 7788,18.972535,72.804567,ChIJTZphhnnO5zsRzn8BB0ICCWA,place_match,False,B,"Google Places lookup, 2026-09-20"
apollo_navimumbai,"Apollo Hospitals, Navi Mumbai (CBD Belapur)",Navi Mumbai,Navi Mumbai,urban_dense,"Plot 13, Parsik Hill Rd, Sector 23, CBD Belapur, Navi Mumbai 400614",,19.020631,73.029182,ChIJF6IWcLDD5zsRF5hc9DerDIA,address_level,True,A,"Google Places lookup, 2026-09-20"
gleneagles_mumbai,"Gleneagles Hospital (Global), Parel",Mumbai,Mumbai,urban_dense,"35, Dr Ernest Borges Rd, Parel East, Mumbai 400012",+91 92402 61611,18.999504,72.840605,ChIJxatUrvDO5zsRbXpEagVP2ts,place_match,False,A,"Google Places lookup, 2026-09-20"
sevenhills_mumbai,"SevenHills Hospital (Reliance Foundation), Marol",Mumbai,Mumbai,urban_dense,"Marol Maroshi Rd, Andheri East, Mumbai 400059",+91 22 6767 6766,19.118,72.878037,ChIJ690opxfI5zsR05T02iSmmZU,place_match,False,A,"Google Places lookup, 2026-09-20"
hiranandani_mumbai,"Dr. L.H. Hiranandani Hospital, Powai",Mumbai,Mumbai,urban_dense,"Hillside Avenue, Hiranandani Gardens, Powai, Mumbai 400076",+91 84240 07007,19.120519,72.91695,ChIJ6R9iLOzH5zsRNGhlhglnL3o,place_match,False,A,"Google Places lookup, 2026-09-20"
bhagwati_mumbai,"Shri Harilal Bhagwati Municipal Hospital, Borivali",Mumbai,Mumbai,urban_dense,"SV Patel Rd, Borivali West, Mumbai 400103",,19.241283,72.854827,ChIJK79m-t6w5zsR3ZcNcpCKPgM,place_match,False,B,"Google Places lookup, 2026-09-20"
sassoon_pune,Sassoon General Hospital,Pune,Pune,urban_dense,"JPN Road, Agarkar Nagar, Pune 411001",+91 20 2612 8000,18.525055,73.871078,ChIJ_btzKhrBwjsRKBXOvpY7RFs,place_match,False,A,"Google Places lookup, 2026-09-20"
rubyhall_pune,"Ruby Hall Clinic, Sassoon Road",Pune,Pune,urban_dense,"40, Sassoon Rd, Sangamvadi, Pune 411001",+91 20 6645 5100,18.533584,73.877157,ChIJFS5RJ_jAwjsRB5zk2s6LU0c,place_match,False,A,"Google Places lookup, 2026-09-20"
jehangir_pune,Jehangir Hospital,Pune,Pune,urban_dense,"32, Sassoon Rd, Sangamvadi, Pune 411001",+91 20 6681 8801,18.530321,73.876811,ChIJg5LSFljAwjsRE-EkJ0XDmP4,place_match,False,A,"Google Places lookup, 2026-09-20"
dmh_pune,Deenanath Mangeshkar Hospital and Research Center,Pune,Pune,urban_dense,"Near Mhatre Bridge, Erandwane, Pune 411004",+91 20 4015 1000,18.502413,73.831783,ChIJAQAAQPO_wjsR92yvqVBXeIk,place_match,False,A,"Google Places lookup, 2026-09-20"
kem_pune,"KEM Hospital, Rasta Peth",Pune,Pune,urban_dense,"489, Mudaliar Rd, Rasta Peth, Pune 411011",+91 20 6603 7300,18.519972,73.866976,ChIJ4ZP9omfAwjsRG5sPQlKaAR0,place_match,False,A,"Google Places lookup, 2026-09-20"
abmh_pune,"Aditya Birla Memorial Hospital, Chinchwad",Pimpri-Chinchwad,Pimpri-Chinchwad,urban_dense,"Aditya Birla Hospital Marg, Chinchwad, Pune 411033",+91 98811 23006,18.625731,73.775042,ChIJU6Ju9J25wjsRwR_ajs0TMOg,place_match,False,A,"Google Places lookup, 2026-09-20"
sahyadri_pune,"Sahyadri Super Speciality Hospital, Deccan Gymkhana",Pune,Pune,urban_dense,"Plot 30-C, Karve Rd, Deccan Gymkhana, Pune 411004",+91 20 4713 8766,18.513008,73.839343,ChIJH1XCpYm_wjsRi58ExuGvoeU,place_match,False,A,"Google Places lookup, 2026-09-20"
poona_pune,Poona Hospital and Research Centre,Pune,Pune,urban_dense,"27, Sadashiv Peth, Pune 411030",+91 97305 59600,18.51118,73.842201,ChIJE_kJ-XXAwjsRvi6MSacu0VQ,place_match,False,B,"Google Places lookup, 2026-09-20"
noble_pune,"Noble Hospitals and Research Centre, Hadapsar",Pune,Pune,urban_dense,"153, Magarpatta Rd, Hadapsar, Pune 411013",+91 80070 06611,18.504897,73.927305,ChIJTdaDB_HBwjsREqFL_bhVSU8,place_match,False,A,"Google Places lookup, 2026-09-20"
ycm_pune,"PCMC Yashwantrao Chavan Memorial Hospital, Pimpri",Pimpri-Chinchwad,Pimpri-Chinchwad,urban_dense,"Sant Tukaram Nagar, Pimpri Colony, Pimpri-Chinchwad 411018",,18.621819,73.821028,ChIJ4Sbj-2C4wjsRuhpBze2GgXk,place_match,False,A,"Google Places lookup, 2026-09-20"
inamdar_pune,Inamdar Multispeciality Hospital,Pune,Pune,urban_dense,"15, Vitthal Rao Shivarkar Rd, Fatima Nagar, Pune 411013",+91 20 6681 2222,18.5031,73.900099,ChIJKf94Xc_BwjsRE7ug9R0ZFG4,place_match,False,B,"Google Places lookup, 2026-09-20"
bharati_pune,"Bharati Hospital, Dhankawadi",Pune,Pune,urban_dense,"Pune-Satara Rd, Dhankawadi, Pune 411043",+91 20 4055 5555,18.459349,73.857241,ChIJHXnTdMfqwjsRZXmanedwbxM,place_match,False,A,"Google Places lookup, 2026-09-20"
jupiter_pune,"Jupiter Hospital, Baner",Pune,Pune,urban_dense,"Prathamesh Park, Baner, Pune 411045",+91 20 6637 5555,18.565388,73.786047,ChIJq6qqWtK-wjsRB3ipyUrXw0s,place_match,False,A,"Google Places lookup, 2026-09-20"
manipal_kharadi_pune,"Manipal Hospital, Kharadi",Pune,Pune,urban_dense,"Mundhwa-Kharadi Rd, Kharadi, Pune 411014",+91 20 6165 6666,18.541078,73.935716,ChIJfwlxH37BwjsROeG41SeLErg,place_match,False,A,"Google Places lookup, 2026-09-20"
gmch_nagpur,"Government Medical College and Hospital (GMCH), Nagpur",Nagpur,Nagpur,urban_mid,"Medical Chowk, Ajni Rd, Nagpur 440003",,21.126003,79.097002,ChIJ____r2O_1DsRCvlgSfLFb_Q,campus_level,True,A,"Google Places lookup, 2026-09-20"
mayo_nagpur,"Indira Gandhi Government Medical College and Hospital (Mayo), Nagpur",Nagpur,Nagpur,urban_mid,"Central Ave, Mominpura, Nagpur 440018",+91 712 272 8627,21.153681,79.093698,ChIJR3tphMTA1DsR5m1zLMbymBY,place_match,False,A,"Google Places lookup, 2026-09-20"
aiims_nagpur,AIIMS Nagpur,Nagpur,Nagpur,urban_mid,"MIHAN, Nagpur 441108",+91 94040 44944,21.035974,79.026726,ChIJk1_2aZeV1DsRLiTY3l_CXMM,place_match,False,A,"Google Places lookup, 2026-09-20"
orangecity_nagpur,Orange City Hospital and Research Institute,Nagpur,Nagpur,urban_mid,"19, Khamla Rd, Veer Savarkar Square, Nagpur 440015",+91 92252 11146,21.112846,79.065476,ChIJzzuTu3i_1DsRWkc18ngYkQc,place_match,False,A,"Google Places lookup, 2026-09-20"
wockhardt_nagpur,"Wockhardt Super Specialty Hospital, Nagpur",Nagpur,Nagpur,urban_mid,"1643, North Ambazari Rd, Shankar Nagar, Nagpur 440033",+91 86056 04444,21.134687,79.058574,ChIJB90aN2LA1DsRKNSSiGo4nnk,place_match,False,A,"Google Places lookup, 2026-09-20"
kims_nagpur,KIMS-Kingsway Hospitals,Nagpur,Nagpur,urban_mid,"44, Kingsway Rd, Mohan Nagar, Nagpur 440001",+91 712 678 9100,21.154695,79.084937,ChIJhcwsRejA1DsRgKqg3zgAVec,place_match,False,A,"Google Places lookup, 2026-09-20"
alexis_nagpur,Alexis Multispeciality Hospital,Nagpur,Nagpur,urban_mid,"New Mankapur, Nagpur 440030",,21.18579,79.079467,ChIJS0ZJ2BPB1DsRJexL9iq0BSY,address_level,True,B,"Google Places lookup, 2026-09-20"
care_nagpur,"CARE Hospitals, Nagpur",Nagpur,Nagpur,urban_mid,"3, Farmland Rd, Panchsheel Square, Nagpur 440012",,21.138545,79.079163,ChIJE8x0UiDB1DsROvJ9tEunxeo,place_match,False,A,"Google Places lookup, 2026-09-20"
lata_nagpur,"Lata Mangeshkar Hospital, Digdoh",Nagpur,Nagpur,urban_mid,"Hingna Rd, Digdoh Hills, Nagpur 440019",+91 7104 665 000,21.10176,79.002297,ChIJH8AkB0aV1DsRxYF4nLfYLb0,place_match,False,A,"Google Places lookup, 2026-09-20"
gmch_sambhajinagar,"Government Medical College and Hospital (Ghati), Chhatrapati Sambhajinagar",Chhatrapati Sambhajinagar (Aurangabad),Chhatrapati Sambhajinagar,urban_mid,"Naralibag, Chhatrapati Sambhajinagar 431001",,19.893036,75.318715,ChIJOfwx8ReY2zsRkDyjWEWdKr4,address_level,True,A,"Google Places lookup, 2026-09-20"
mgm_sambhajinagar,"MGM Medical College and Hospital, CIDCO",Chhatrapati Sambhajinagar (Aurangabad),Chhatrapati Sambhajinagar,urban_mid,"MGM Campus, N-6, CIDCO, Chhatrapati Sambhajinagar 431003",+91 240 648 2000,19.877785,75.354515,ChIJeSekj5ai2zsRaCEc0PjACRw,place_match,False,A,"Google Places lookup, 2026-09-20"
kamalnayan_sambhajinagar,Kamalnayan Bajaj Hospital,Chhatrapati Sambhajinagar (Aurangabad),Chhatrapati Sambhajinagar,urban_mid,"Beed Bypass Rd, Satara Parisar, Chhatrapati Sambhajinagar 431010",+91 240 663 2111,19.851639,75.314759,ChIJR1ShnPOY2zsRLKSq4jImbAk,place_match,False,A,"Google Places lookup, 2026-09-20"
dhoot_sambhajinagar,Seth Nandlal Dhoot Hospital and Research Foundation,Chhatrapati Sambhajinagar (Aurangabad),Chhatrapati Sambhajinagar,urban_mid,"A-1, Jalna Rd, MIDC Chilkalthana, Chhatrapati Sambhajinagar 431210",+91 240 247 8500,19.872766,75.387722,ChIJ46dnVpaj2zsRWr4Evjon_lw,place_match,False,A,"Google Places lookup, 2026-09-20"
ciigma_sambhajinagar,CARE United CIIGMA Hospitals,Chhatrapati Sambhajinagar (Aurangabad),Chhatrapati Sambhajinagar,urban_mid,"Dargah Rd, Shahnoorwadi, Chhatrapati Sambhajinagar 431005",,19.859177,75.336483,ChIJAQAApYCY2zsRATGDKYhyILI,place_match,False,A,"Google Places lookup, 2026-09-20"
hedgewar_sambhajinagar,Dr. Hedgewar Rugnalaya,Chhatrapati Sambhajinagar (Aurangabad),Chhatrapati Sambhajinagar,urban_mid,"Jawahar Colony, Garkheda, Chhatrapati Sambhajinagar 431005",+91 240 224 5000,19.869271,75.347856,ChIJieDuZISi2zsRSbjP8z6xe2U,place_match,False,B,"Google Places lookup, 2026-09-20"
dgh_nandurbar,"District General Hospital, Nandurbar",Nandurbar,Nandurbar,rural_sparse,"NH 753B, Dudhale Shivar, Nandurbar 425412",,21.33863,74.234136,ChIJg_W2vhme3zsRT24eUvWDzPE,place_match,False,B,"Google Places lookup, 2026-09-20"
sdh_taloda,"Sub District Hospital, Taloda",Taloda,Nandurbar,rural_sparse,"Taloda, Nandurbar 425413",,21.5506,74.208115,ChIJL0i6khme3zsRqcqhYkv2u5Y,place_match,False,B,"Google Places lookup, 2026-09-20"
rh_akkalkuwa,"Rural Hospital, Akkalkuwa",Akkalkuwa,Nandurbar,rural_sparse,"Hospital Rd, Akkalkuwa, Nandurbar 425415",,21.55067,74.01797,ChIJ88keVE2X3zsRUCUvRrvVEAQ,place_match,False,B,"Google Places lookup, 2026-09-20"
rh_shahada,"Rural Hospital, Shahada",Shahada,Nandurbar,rural_sparse,"Near Gandhi Park, Shahada, Nandurbar 425409",,21.529107,74.499768,ChIJq9W1LMtt3zsRLjm2smNnfAI,clinic_type_result,True,B,"Google Places lookup, 2026-09-20"
gh_gadchiroli,"General (District) Hospital, Gadchiroli",Gadchiroli,Gadchiroli,rural_sparse,"General Hospital Compound, Complex Chowk, Gadchiroli 442605",,20.170934,79.982884,ChIJM0UWCwD7LDoRqAmfByn1GLM,campus_level,True,B,"Google Places lookup, 2026-09-20"
sdh_aheri,"Sub District Hospital, Aheri",Aheri,Gadchiroli,rural_sparse,"Khamancheru Rd, Aheri 442705",,19.415087,80.003325,ChIJj_t3ht57LToRXGeaoAJA8vI,place_match,False,B,"Google Places lookup, 2026-09-20"
sdh_armori,"Sub District Hospital, Armori",Armori,Gadchiroli,rural_sparse,"Tadulwar Nagar, Armori 441208",,20.469729,79.985519,ChIJC_OBWfWMLDoR18m16ks6F70,place_match,False,B,"Google Places lookup, 2026-09-20"
search_shodhgram,"SEARCH Hospital, Shodhgram",Shodhgram,Gadchiroli,rural_sparse,"Shodhgram, Gadchiroli district 442606",+91 94200 94578,20.20968,80.158921,ChIJ2zsGsBBXLDoRxaWuFddqVAE,org_type_result,True,B,"Google Places lookup, 2026-09-20"
jupiter_thane,"Jupiter Hospital, Thane",Thane,Thane,urban_dense,"Eastern Express Hwy, near Viviana Mall, Thane West 400601",+91 22 6297 5555,19.20971,72.972393,ChIJpe5-xR-55zsR76DUsOBDgSs,place_match,False,A,"Google Places lookup, 2026-09-20"
bethany_thane,Bethany Hospital,Thane,Thane,urban_dense,"Pokhran Rd No. 2, Shastri Nagar, Thane West 400601",+91 22 6911 5100,19.219949,72.961841,ChIJxSa8-ES55zsRvNKf9sas9hQ,place_match,False,B,"Google Places lookup, 2026-09-20"
kaushalya_thane,Kaushalya Medical Foundation Trust Hospital,Thane,Thane,urban_dense,"Ganeshwadi, Panch Pakhadi, Thane West 400601",+91 22 4545 4000,19.200147,72.966552,ChIJle3L_xa55zsRTtIOvqvjoK4,place_match,False,B,"Google Places lookup, 2026-09-20"
csmh_kalwa_thane,"Chhatrapati Shivaji Maharaj Hospital, Kalwa",Thane,Thane,urban_dense,"Budhaji Nagar, Kalwa West, Thane 400605",,19.192179,72.986378,ChIJAwHFRCm55zsR6VBjgZfBdQA,address_level,True,A,"Google Places lookup, 2026-09-20"
highland_thane,Highland Super Speciality Hospital,Thane,Thane,urban_dense,"Kolshet Rd, Dhokali, Thane West 400607",+91 81049 23331,19.223877,72.9796,ChIJeZU491q55zsRX80mO9Y4mUU,place_match,False,A,"Google Places lookup, 2026-09-20"
fortis_vashi,"Fortis Hiranandani Hospital, Vashi",Navi Mumbai,Navi Mumbai,urban_dense,"Sector 10A, Vashi, Navi Mumbai 400703",,19.083424,72.99592,ChIJEevu9DLB5zsRM7zvXH-O-rs,place_match,False,A,"Google Places lookup, 2026-09-20"
dypatil_nerul,"Dr. D.Y. Patil Hospital, Nerul",Navi Mumbai,Navi Mumbai,urban_dense,"Sector 5, Nerul, Navi Mumbai 400706",+91 22 6517 5901,19.041156,73.024685,ChIJVVVVpRjG5zsRyCXmkVG4RqQ,place_match,False,A,"Google Places lookup, 2026-09-20"
nmmc_vashi,"NMMC General Hospital, Vashi",Navi Mumbai,Navi Mumbai,urban_dense,"Sector 10A, Vashi, Navi Mumbai 400703",+91 22 2789 9901,19.082857,72.996211,ChIJBZW_9zLB5zsRkXAf1CfMZWY,place_match,False,B,"Google Places lookup, 2026-09-20"
mgm_vashi,"MGM New Bombay Hospital, Vashi",Navi Mumbai,Navi Mumbai,urban_dense,"Plot 35, Sector 3, Vashi, Navi Mumbai 400703",+91 1800 266 5456,19.072693,72.993648,ChIJWe9MqcrG5zsR6JF00YB9l9I,place_match,False,A,"Google Places lookup, 2026-09-20"
lokmanya_chinchwad,"Lokmanya Hospital, Chinchwad",Pimpri-Chinchwad,Pimpri-Chinchwad,urban_dense,"314/B, Chinchwad Gaon Rd, Chinchwad 411033",+91 98819 85453,18.637315,73.790285,ChIJG341wbW5wjsRC8JwIP4DZvY,place_match,False,B,"Google Places lookup, 2026-09-20"
dypatil_pimpri,"Dr. D.Y. Patil Hospital and Research Centre, Pimpri",Pimpri-Chinchwad,Pimpri-Chinchwad,urban_dense,"Sant Tukaram Nagar, Pimpri Colony, Pimpri-Chinchwad 411018",+91 92260 07506,18.622779,73.822143,ChIJJcWYpWG4wjsRf-2fMhIXNTM,place_match,False,A,"Google Places lookup, 2026-09-20"
civil_nashik,"Civil Hospital, Nashik",Nashik,Nashik,urban_mid,"Trimbakeshwar Rd, Nashik 422002",+91 253 257 6106,19.996787,73.778303,ChIJ5QvLdgnr3TsRRR67VAbATQQ,place_match,False,A,"Google Places lookup, 2026-09-20"
medicover_nashik,"Ashoka Medicover Hospital, Nashik",Nashik,Nashik,urban_mid,"Sant Savata Mali Marg, Parab Nagar, Nashik 422006",,19.973511,73.791426,ChIJqci4RXvr3TsRKjy5rjfBZ9k,place_match,False,A,"Google Places lookup, 2026-09-20"
apollo_nashik,"Apollo Hospitals, Nashik",Nashik,Nashik,urban_mid,"Swaminarayan Nagar, New Adgaon Naka, Panchavati, Nashik 422003",,20.012196,73.816037,ChIJJ1eIqF3q3TsR0tUCSs4lubY,place_match,False,A,"Google Places lookup, 2026-09-20"
vpmc_nashik,"Dr. Vasantrao Pawar Medical College, Hospital and Research Center",Nashik,Nashik,urban_mid,"Agra-Mumbai Rd, Adgaon, Nashik 422003",+91 253 222 0500,20.03551,73.854536,ChIJAQJ0EObB3TsRzfQloSx5D3A,place_match,False,A,"Google Places lookup, 2026-09-20"
rukminibai_kalyan,"Bai Rukminibai Hospital (KDMC), Kalyan",Kalyan,Kalyan-Dombivli,urban_dense,"Bhoiwada, Kalyan 421301",,19.237522,73.134868,ChIJ1QGpytKV5zsRYBg9Qm5p0ms,address_level,True,B,"Google Places lookup, 2026-09-20"
shastrinagar_dombivli,"KDMC General Hospital, Shastri Nagar, Dombivli",Dombivli,Kalyan-Dombivli,urban_dense,"R-15, Kopar Rd, Shastri Nagar, Dombivli West 421202",+91 251 248 0445,19.216432,73.082936,ChIJw1-fdiG-5zsR2gFmPvJ412k,place_match,False,B,"Google Places lookup, 2026-09-20"
icon_dombivli,"ICON Hospital, Dombivli",Dombivli,Kalyan-Dombivli,urban_dense,"Manpada Rd, Dombivli East 421201",+91 95944 02402,19.207817,73.094292,ChIJLebWyYmV5zsR3qqQBIF6gZU,place_match,False,B,"Google Places lookup, 2026-09-20"
dmpetit_vasai,"VVCMC D.M. Petit Municipal Hospital, Vasai",Vasai,Vasai-Virar,urban_dense,"Parnaka, Koliwada, Vasai West 401201",+91 250 252 5106,19.342626,72.805164,ChIJEQppHXiu5zsR72OYox4PIAo,place_match,False,B,"Google Places lookup, 2026-09-20"
wellcare_virar,"Wellcare Multispeciality Hospital, Virar",Virar,Vasai-Virar,urban_dense,"YK Nagar, Virar West 401303",+91 93564 70442,19.464865,72.804093,ChIJNaotW9ar5zsR-89Gju2h0JA,place_match,False,B,"Google Places lookup, 2026-09-20"
